basin_id,station_name,date,discharge_m3s,lat,lon
1362100,EL EKHSASE,2000-01-01,1164.51,29.7,31.28
1362100,EL EKHSASE,2000-02-01,969.16,29.7,31.28
1362100,EL EKHSASE,2000-03-01,883.52,29.7,31.28
1362100,EL EKHSASE,2000-04-01,879.52,29.7,31.28
1362100,EL EKHSASE,2000-05-01,824.26,29.7,31.28
1362100,EL EKHSASE,2000-06-01,1236.4,29.7,31.28
1362100,EL EKHSASE,2000-07-01,2365.31,29.7,31.28
1362100,EL EKHSASE,2000-08-01,2971.91,29.7,31.28
1362100,EL EKHSASE,2000-09-01,2560.1,29.7,31.28
1362100,EL EKHSASE,2000-10-01,2045.07,29.7,31.28
1362100,EL EKHSASE,2000-11-01,1482.91,29.7,31.28
1362100,EL EKHSASE,2000-12-01,1213.05,29.7,31.28
1362100,EL EKHSASE,2001-01-01,1135.97,29.7,31.28
1362100,EL EKHSASE,2001-02-01,825.85,29.7,31.28
1362100,EL EKHSASE,2001-03-01,720.47,29.7,31.28
1362100,EL EKHSASE,2001-04-01,744.99,29.7,31.28
1362100,EL EKHSASE,2001-05-01,768.08,29.7,31.28
1362100,EL EKHSASE,2001-06-01,1285.22,29.7,31.28
1362100,EL EKHSASE,2001-07-01,1937.71,29.7,31.28
1362100,EL EKHSASE,2001-08-01,2471.23,29.7,31.28
1362100,EL EKHSASE,2001-09-01,2957.03,29.7,31.28
1362100,EL EKHSASE,2001-10-01,1914.98,29.7,31.28
1362100,EL EKHSASE,2001-11-01,1540.58,29.7,31.28
1362100,EL EKHSASE,2001-12-01,1110.8,29.7,31.28
1362100,EL EKHSASE,2002-01-01,1060.51,29.7,31.28
1362100,EL EKHSASE,2002-02-01,978.81,29.7,31.28
1362100,EL EKHSASE,2002-03-01,755.03,29.7,31.28
1362100,EL EKHSASE,2002-04-01,799.49,29.7,31.28
1362100,EL EKHSASE,2002-05-01,791.64,29.7,31.28
1362100,EL EKHSASE,2002-06-01,1218.29,29.7,31.28
1362100,EL EKHSASE,2002-07-01,1978.92,29.7,31.28
1362100,EL EKHSASE,2002-08-01,3182.76,29.7,31.28
1362100,EL EKHSASE,2002-09-01,2630.56,29.7,31.28
1362100,EL EKHSASE,2002-10-01,1776.21,29.7,31.28
1362100,EL EKHSASE,2002-11-01,1624.92,29.7,31.28
1362100,EL EKHSASE,2002-12-01,1125.57,29.7,31.28
1362100,EL EKHSASE,2003-01-01,1121.63,29.7,31.28
1362100,EL EKHSASE,2003-02-01,813.97,29.7,31.28
1362100,EL EKHSASE,2003-03-01,739.48,29.7,31.28
1362100,EL EKHSASE,2003-04-01,784.4,29.7,31.28
1362100,EL EKHSASE,2003-05-01,876.28,29.7,31.28
1362100,EL EKHSASE,2003-06-01,1258.11,29.7,31.28
1362100,EL EKHSASE,2003-07-01,2049.36,29.7,31.28
1362100,EL EKHSASE,2003-08-01,2691.56,29.7,31.28
1362100,EL EKHSASE,2003-09-01,2310.19,29.7,31.28
1362100,EL EKHSASE,2003-10-01,1819.42,29.7,31.28
1362100,EL EKHSASE,2003-11-01,1461.0,29.7,31.28
1362100,EL EKHSASE,2003-12-01,1346.06,29.7,31.28
1362100,EL EKHSASE,2004-01-01,1127.77,29.7,31.28
1362100,EL EKHSASE,2004-02-01,824.94,29.7,31.28
1362100,EL EKHSASE,2004-03-01,844.54,29.7,31.28
1362100,EL EKHSASE,2004-04-01,744.65,29.7,31.28
1362100,EL EKHSASE,2004-05-01,778.62,29.7,31.28
1362100,EL EKHSASE,2004-06-01,1295.22,29.7,31.28
1362100,EL EKHSASE,2004-07-01,2227.74,29.7,31.28
1362100,EL EKHSASE,2004-08-01,2948.43,29.7,31.28
1362100,EL EKHSASE,2004-09-01,2431.79,29.7,31.28
1362100,EL EKHSASE,2004-10-01,1873.29,29.7,31.28
1362100,EL EKHSASE,2004-11-01,1549.2,29.7,31.28
1362100,EL EKHSASE,2004-12-01,1331.17,29.7,31.28
1362100,EL EKHSASE,2005-01-01,1050.14,29.7,31.28
1362100,EL EKHSASE,2005-02-01,941.31,29.7,31.28
1362100,EL EKHSASE,2005-03-01,746.51,29.7,31.28
1362100,EL EKHSASE,2005-04-01,691.25,29.7,31.28
1362100,EL EKHSASE,2005-05-01,872.24,29.7,31.28
1362100,EL EKHSASE,2005-06-01,1361.79,29.7,31.28
1362100,EL EKHSASE,2005-07-01,2035.7,29.7,31.28
1362100,EL EKHSASE,2005-08-01,2949.17,29.7,31.28
1362100,EL EKHSASE,2005-09-01,2668.53,29.7,31.28
1362100,EL EKHSASE,2005-10-01,1812.37,29.7,31.28
1362100,EL EKHSASE,2005-11-01,1544.91,29.7,31.28
1362100,EL EKHSASE,2005-12-01,1379.66,29.7,31.28
1362100,EL EKHSASE,2006-01-01,1083.29,29.7,31.28
1362100,EL EKHSASE,2006-02-01,1069.59,29.7,31.28
1362100,EL EKHSASE,2006-03-01,644.03,29.7,31.28
1362100,EL EKHSASE,2006-04-01,810.48,29.7,31.28
1362100,EL EKHSASE,2006-05-01,820.47,29.7,31.28
1362100,EL EKHSASE,2006-06-01,1192.96,29.7,31.28
1362100,EL EKHSASE,2006-07-01,2051.95,29.7,31.28
1362100,EL EKHSASE,2006-08-01,2284.14,29.7,31.28
1362100,EL EKHSASE,2006-09-01,2534.86,29.7,31.28
1362100,EL EKHSASE,2006-10-01,1955.52,29.7,31.28
1362100,EL EKHSASE,2006-11-01,1670.41,29.7,31.28
1362100,EL EKHSASE,2006-12-01,1171.53,29.7,31.28
1362100,EL EKHSASE,2007-01-01,1010.89,29.7,31.28
1362100,EL EKHSASE,2007-02-01,907.74,29.7,31.28
1362100,EL EKHSASE,2007-03-01,869.96,29.7,31.28
1362100,EL EKHSASE,2007-04-01,776.46,29.7,31.28
1362100,EL EKHSASE,2007-05-01,776.25,29.7,31.28
1362100,EL EKHSASE,2007-06-01,1265.83,29.7,31.28
1362100,EL EKHSASE,2007-07-01,2042.24,29.7,31.28
1362100,EL EKHSASE,2007-08-01,2911.38,29.7,31.28
1362100,EL EKHSASE,2007-09-01,2422.73,29.7,31.28
1362100,EL EKHSASE,2007-10-01,1841.82,29.7,31.28
1362100,EL EKHSASE,2007-11-01,1439.48,29.7,31.28
1362100,EL EKHSASE,2007-12-01,1073.54,29.7,31.28
1362100,EL EKHSASE,2008-01-01,1100.67,29.7,31.28
1362100,EL EKHSASE,2008-02-01,960.45,29.7,31.28
1362100,EL EKHSASE,2008-03-01,806.73,29.7,31.28
1362100,EL EKHSASE,2008-04-01,738.52,29.7,31.28
1362100,EL EKHSASE,2008-05-01,715.09,29.7,31.28
1362100,EL EKHSASE,2008-06-01,1168.89,29.7,31.28
1362100,EL EKHSASE,2008-07-01,1960.73,29.7,31.28
1362100,EL EKHSASE,2008-08-01,2515.48,29.7,31.28
1362100,EL EKHSASE,2008-09-01,2520.65,29.7,31.28
1362100,EL EKHSASE,2008-10-01,1942.42,29.7,31.28
1362100,EL EKHSASE,2008-11-01,1701.48,29.7,31.28
1362100,EL EKHSASE,2008-12-01,1226.49,29.7,31.28
1362100,EL EKHSASE,2009-01-01,1091.64,29.7,31.28
1362100,EL EKHSASE,2009-02-01,930.33,29.7,31.28
1362100,EL EKHSASE,2009-03-01,679.06,29.7,31.28
1362100,EL EKHSASE,2009-04-01,747.13,29.7,31.28
1362100,EL EKHSASE,2009-05-01,806.07,29.7,31.28
1362100,EL EKHSASE,2009-06-01,1440.42,29.7,31.28
1362100,EL EKHSASE,2009-07-01,1974.64,29.7,31.28
1362100,EL EKHSASE,2009-08-01,2738.51,29.7,31.28
1362100,EL EKHSASE,2009-09-01,2533.25,29.7,31.28
1362100,EL EKHSASE,2009-10-01,1696.8,29.7,31.28
1362100,EL EKHSASE,2009-11-01,1605.16,29.7,31.28
1362100,EL EKHSASE,2009-12-01,1275.68,29.7,31.28
1362100,EL EKHSASE,2010-01-01,1131.33,29.7,31.28
1362100,EL EKHSASE,2010-02-01,863.27,29.7,31.28
1362100,EL EKHSASE,2010-03-01,887.55,29.7,31.28
1362100,EL EKHSASE,2010-04-01,661.27,29.7,31.28
1362100,EL EKHSASE,2010-05-01,835.46,29.7,31.28
1362100,EL EKHSASE,2010-06-01,1406.76,29.7,31.28
1362100,EL EKHSASE,2010-07-01,1836.91,29.7,31.28
1362100,EL EKHSASE,2010-08-01,2539.49,29.7,31.28
1362100,EL EKHSASE,2010-09-01,2547.15,29.7,31.28
1362100,EL EKHSASE,2010-10-01,1787.0,29.7,31.28
1362100,EL EKHSASE,2010-11-01,1281.51,29.7,31.28
1362100,EL EKHSASE,2010-12-01,1203.57,29.7,31.28
1362100,EL EKHSASE,2011-01-01,968.45,29.7,31.28
1362100,EL EKHSASE,2011-02-01,961.19,29.7,31.28
1362100,EL EKHSASE,2011-03-01,735.41,29.7,31.28
1362100,EL EKHSASE,2011-04-01,832.75,29.7,31.28
1362100,EL EKHSASE,2011-05-01,744.06,29.7,31.28
1362100,EL EKHSASE,2011-06-01,1160.02,29.7,31.28
1362100,EL EKHSASE,2011-07-01,2113.65,29.7,31.28
1362100,EL EKHSASE,2011-08-01,2385.45,29.7,31.28
1362100,EL EKHSASE,2011-09-01,2559.44,29.7,31.28
1362100,EL EKHSASE,2011-10-01,2045.89,29.7,31.28
1362100,EL EKHSASE,2011-11-01,1268.15,29.7,31.28
1362100,EL EKHSASE,2011-12-01,1208.29,29.7,31.28
1362100,EL EKHSASE,2012-01-01,1074.69,29.7,31.28
1362100,EL EKHSASE,2012-02-01,978.82,29.7,31.28
1362100,EL EKHSASE,2012-03-01,711.46,29.7,31.28
1362100,EL EKHSASE,2012-04-01,659.11,29.7,31.28
1362100,EL EKHSASE,2012-05-01,822.57,29.7,31.28
1362100,EL EKHSASE,2012-06-01,1212.54,29.7,31.28
1362100,EL EKHSASE,2012-07-01,2013.56,29.7,31.28
1362100,EL EKHSASE,2012-08-01,2704.95,29.7,31.28
1362100,EL EKHSASE,2012-09-01,2364.37,29.7,31.28
1362100,EL EKHSASE,2012-10-01,1876.63,29.7,31.28
1362100,EL EKHSASE,2012-11-01,1481.54,29.7,31.28
1362100,EL EKHSASE,2012-12-01,1116.71,29.7,31.28
1362100,EL EKHSASE,2013-01-01,1203.51,29.7,31.28
1362100,EL EKHSASE,2013-02-01,951.03,29.7,31.28
1362100,EL EKHSASE,2013-03-01,710.55,29.7,31.28
1362100,EL EKHSASE,2013-04-01,771.54,29.7,31.28
1362100,EL EKHSASE,2013-05-01,724.16,29.7,31.28
1362100,EL EKHSASE,2013-06-01,1252.28,29.7,31.28
1362100,EL EKHSASE,2013-07-01,2145.49,29.7,31.28
1362100,EL EKHSASE,2013-08-01,2446.12,29.7,31.28
1362100,EL EKHSASE,2013-09-01,2678.78,29.7,31.28
1362100,EL EKHSASE,2013-10-01,1893.12,29.7,31.28
1362100,EL EKHSASE,2013-11-01,1534.59,29.7,31.28
1362100,EL EKHSASE,2013-12-01,1356.87,29.7,31.28
1362100,EL EKHSASE,2014-01-01,1021.15,29.7,31.28
1362100,EL EKHSASE,2014-02-01,856.44,29.7,31.28
1362100,EL EKHSASE,2014-03-01,725.61,29.7,31.28
1362100,EL EKHSASE,2014-04-01,681.53,29.7,31.28
1362100,EL EKHSASE,2014-05-01,776.38,29.7,31.28
1362100,EL EKHSASE,2014-06-01,1203.78,29.7,31.28
1362100,EL EKHSASE,2014-07-01,1996.23,29.7,31.28
1362100,EL EKHSASE,2014-08-01,2776.32,29.7,31.28
1362100,EL EKHSASE,2014-09-01,2476.37,29.7,31.28
1362100,EL EKHSASE,2014-10-01,2034.76,29.7,31.28
1362100,EL EKHSASE,2014-11-01,1401.88,29.7,31.28
1362100,EL EKHSASE,2014-12-01,1426.8,29.7,31.28
1362100,EL EKHSASE,2015-01-01,1087.86,29.7,31.28
1362100,EL EKHSASE,2015-02-01,844.34,29.7,31.28
1362100,EL EKHSASE,2015-03-01,710.43,29.7,31.28
1362100,EL EKHSASE,2015-04-01,753.19,29.7,31.28
1362100,EL EKHSASE,2015-05-01,763.11,29.7,31.28
1362100,EL EKHSASE,2015-06-01,1232.07,29.7,31.28
1362100,EL EKHSASE,2015-07-01,2016.04,29.7,31.28
1362100,EL EKHSASE,2015-08-01,2574.91,29.7,31.28
1362100,EL EKHSASE,2015-09-01,2293.82,29.7,31.28
1362100,EL EKHSASE,2015-10-01,1593.29,29.7,31.28
1362100,EL EKHSASE,2015-11-01,1373.62,29.7,31.28
1362100,EL EKHSASE,2015-12-01,1245.35,29.7,31.28
1362100,EL EKHSASE,2016-01-01,1048.05,29.7,31.28
1362100,EL EKHSASE,2016-02-01,811.75,29.7,31.28
1362100,EL EKHSASE,2016-03-01,783.51,29.7,31.28
1362100,EL EKHSASE,2016-04-01,743.51,29.7,31.28
1362100,EL EKHSASE,2016-05-01,718.16,29.7,31.28
1362100,EL EKHSASE,2016-06-01,1173.46,29.7,31.28
1362100,EL EKHSASE,2016-07-01,1941.0,29.7,31.28
1362100,EL EKHSASE,2016-08-01,2340.46,29.7,31.28
1362100,EL EKHSASE,2016-09-01,2517.25,29.7,31.28
1362100,EL EKHSASE,2016-10-01,1884.1,29.7,31.28
1362100,EL EKHSASE,2016-11-01,1539.56,29.7,31.28
1362100,EL EKHSASE,2016-12-01,1256.93,29.7,31.28
1362100,EL EKHSASE,2017-01-01,911.85,29.7,31.28
1362100,EL EKHSASE,2017-02-01,829.42,29.7,31.28
1362100,EL EKHSASE,2017-03-01,800.27,29.7,31.28
1362100,EL EKHSASE,2017-04-01,746.85,29.7,31.28
1362100,EL EKHSASE,2017-05-01,800.27,29.7,31.28
1362100,EL EKHSASE,2017-06-01,1508.25,29.7,31.28
1362100,EL EKHSASE,2017-07-01,2009.26,29.7,31.28
1362100,EL EKHSASE,2017-08-01,2794.75,29.7,31.28
1362100,EL EKHSASE,2017-09-01,2619.66,29.7,31.28
1362100,EL EKHSASE,2017-10-01,1886.86,29.7,31.28
1362100,EL EKHSASE,2017-11-01,1373.56,29.7,31.28
1362100,EL EKHSASE,2017-12-01,1222.9,29.7,31.28
1362100,EL EKHSASE,2018-01-01,956.19,29.7,31.28
1362100,EL EKHSASE,2018-02-01,874.9,29.7,31.28
1362100,EL EKHSASE,2018-03-01,734.72,29.7,31.28
1362100,EL EKHSASE,2018-04-01,718.11,29.7,31.28
1362100,EL EKHSASE,2018-05-01,905.95,29.7,31.28
1362100,EL EKHSASE,2018-06-01,975.32,29.7,31.28
1362100,EL EKHSASE,2018-07-01,2015.92,29.7,31.28
1362100,EL EKHSASE,2018-08-01,2219.26,29.7,31.28
1362100,EL EKHSASE,2018-09-01,2329.21,29.7,31.28
1362100,EL EKHSASE,2018-10-01,1938.98,29.7,31.28
1362100,EL EKHSASE,2018-11-01,1408.61,29.7,31.28
1362100,EL EKHSASE,2018-12-01,1047.74,29.7,31.28
1362100,EL EKHSASE,2019-01-01,955.6,29.7,31.28
1362100,EL EKHSASE,2019-02-01,935.12,29.7,31.28
1362100,EL EKHSASE,2019-03-01,715.78,29.7,31.28
1362100,EL EKHSASE,2019-04-01,721.81,29.7,31.28
1362100,EL EKHSASE,2019-05-01,762.97,29.7,31.28
1362100,EL EKHSASE,2019-06-01,1080.86,29.7,31.28
1362100,EL EKHSASE,2019-07-01,2226.47,29.7,31.28
1362100,EL EKHSASE,2019-08-01,2662.51,29.7,31.28
1362100,EL EKHSASE,2019-09-01,2017.29,29.7,31.28
1362100,EL EKHSASE,2019-10-01,1800.26,29.7,31.28
1362100,EL EKHSASE,2019-11-01,1319.91,29.7,31.28
1362100,EL EKHSASE,2019-12-01,1218.06,29.7,31.28
1362200,ASSIUT,2000-01-01,1048.62,27.18,31.1
1362200,ASSIUT,2000-02-01,970.66,27.18,31.1
1362200,ASSIUT,2000-03-01,873.62,27.18,31.1
1362200,ASSIUT,2000-04-01,838.0,27.18,31.1
1362200,ASSIUT,2000-05-01,759.07,27.18,31.1
1362200,ASSIUT,2000-06-01,1225.84,27.18,31.1
1362200,ASSIUT,2000-07-01,2019.49,27.18,31.1
1362200,ASSIUT,2000-08-01,2652.71,27.18,31.1
1362200,ASSIUT,2000-09-01,3034.6,27.18,31.1
1362200,ASSIUT,2000-10-01,2022.78,27.18,31.1
1362200,ASSIUT,2000-11-01,1384.16,27.18,31.1
1362200,ASSIUT,2000-12-01,1352.04,27.18,31.1
1362200,ASSIUT,2001-01-01,1303.13,27.18,31.1
1362200,ASSIUT,2001-02-01,1055.26,27.18,31.1
1362200,ASSIUT,2001-03-01,733.95,27.18,31.1
1362200,ASSIUT,2001-04-01,749.59,27.18,31.1
1362200,ASSIUT,2001-05-01,920.18,27.18,31.1
1362200,ASSIUT,2001-06-01,1182.3,27.18,31.1
1362200,ASSIUT,2001-07-01,2162.92,27.18,31.1
1362200,ASSIUT,2001-08-01,2957.59,27.18,31.1
1362200,ASSIUT,2001-09-01,2449.56,27.18,31.1
1362200,ASSIUT,2001-10-01,1940.22,27.18,31.1
1362200,ASSIUT,2001-11-01,1134.57,27.18,31.1
1362200,ASSIUT,2001-12-01,1150.55,27.18,31.1
1362200,ASSIUT,2002-01-01,1086.01,27.18,31.1
1362200,ASSIUT,2002-02-01,873.04,27.18,31.1
1362200,ASSIUT,2002-03-01,939.87,27.18,31.1
1362200,ASSIUT,2002-04-01,687.11,27.18,31.1
1362200,ASSIUT,2002-05-01,802.04,27.18,31.1
1362200,ASSIUT,2002-06-01,1260.0,27.18,31.1
1362200,ASSIUT,2002-07-01,2317.88,27.18,31.1
1362200,ASSIUT,2002-08-01,2452.71,27.18,31.1
1362200,ASSIUT,2002-09-01,2877.42,27.18,31.1
1362200,ASSIUT,2002-10-01,1941.29,27.18,31.1
1362200,ASSIUT,2002-11-01,1404.39,27.18,31.1
1362200,ASSIUT,2002-12-01,1293.05,27.18,31.1
1362200,ASSIUT,2003-01-01,1120.37,27.18,31.1
1362200,ASSIUT,2003-02-01,918.62,27.18,31.1
1362200,ASSIUT,2003-03-01,831.72,27.18,31.1
1362200,ASSIUT,2003-04-01,748.17,27.18,31.1
1362200,ASSIUT,2003-05-01,834.62,27.18,31.1
1362200,ASSIUT,2003-06-01,1306.37,27.18,31.1
1362200,ASSIUT,2003-07-01,2330.12,27.18,31.1
1362200,ASSIUT,2003-08-01,2484.0,27.18,31.1
1362200,ASSIUT,2003-09-01,3066.11,27.18,31.1
1362200,ASSIUT,2003-10-01,1628.52,27.18,31.1
1362200,ASSIUT,2003-11-01,1497.95,27.18,31.1
1362200,ASSIUT,2003-12-01,1299.05,27.18,31.1
1362200,ASSIUT,2004-01-01,1121.87,27.18,31.1
1362200,ASSIUT,2004-02-01,912.23,27.18,31.1
1362200,ASSIUT,2004-03-01,809.2,27.18,31.1
1362200,ASSIUT,2004-04-01,737.75,27.18,31.1
1362200,ASSIUT,2004-05-01,784.11,27.18,31.1
1362200,ASSIUT,2004-06-01,1318.26,27.18,31.1
1362200,ASSIUT,2004-07-01,2116.02,27.18,31.1
1362200,ASSIUT,2004-08-01,2590.97,27.18,31.1
1362200,ASSIUT,2004-09-01,2793.41,27.18,31.1
1362200,ASSIUT,2004-10-01,1967.32,27.18,31.1
1362200,ASSIUT,2004-11-01,1606.77,27.18,31.1
1362200,ASSIUT,2004-12-01,1296.53,27.18,31.1
1362200,ASSIUT,2005-01-01,1019.21,27.18,31.1
1362200,ASSIUT,2005-02-01,912.35,27.18,31.1
1362200,ASSIUT,2005-03-01,867.65,27.18,31.1
1362200,ASSIUT,2005-04-01,801.44,27.18,31.1
1362200,ASSIUT,2005-05-01,817.34,27.18,31.1
1362200,ASSIUT,2005-06-01,1239.59,27.18,31.1
1362200,ASSIUT,2005-07-01,2255.98,27.18,31.1
1362200,ASSIUT,2005-08-01,2599.87,27.18,31.1
1362200,ASSIUT,2005-09-01,2706.04,27.18,31.1
1362200,ASSIUT,2005-10-01,1879.42,27.18,31.1
1362200,ASSIUT,2005-11-01,1474.83,27.18,31.1
1362200,ASSIUT,2005-12-01,1336.01,27.18,31.1
1362200,ASSIUT,2006-01-01,1157.72,27.18,31.1
1362200,ASSIUT,2006-02-01,1012.1,27.18,31.1
1362200,ASSIUT,2006-03-01,899.57,27.18,31.1
1362200,ASSIUT,2006-04-01,761.49,27.18,31.1
1362200,ASSIUT,2006-05-01,858.95,27.18,31.1
1362200,ASSIUT,2006-06-01,1191.44,27.18,31.1
1362200,ASSIUT,2006-07-01,2089.08,27.18,31.1
1362200,ASSIUT,2006-08-01,2686.76,27.18,31.1
1362200,ASSIUT,2006-09-01,2599.29,27.18,31.1
1362200,ASSIUT,2006-10-01,1991.01,27.18,31.1
1362200,ASSIUT,2006-11-01,1395.52,27.18,31.1
1362200,ASSIUT,2006-12-01,1426.28,27.18,31.1
1362200,ASSIUT,2007-01-01,993.46,27.18,31.1
1362200,ASSIUT,2007-02-01,853.53,27.18,31.1
1362200,ASSIUT,2007-03-01,885.38,27.18,31.1
1362200,ASSIUT,2007-04-01,804.19,27.18,31.1
1362200,ASSIUT,2007-05-01,850.77,27.18,31.1
1362200,ASSIUT,2007-06-01,1276.56,27.18,31.1
1362200,ASSIUT,2007-07-01,2023.79,27.18,31.1
1362200,ASSIUT,2007-08-01,2507.15,27.18,31.1
1362200,ASSIUT,2007-09-01,2581.54,27.18,31.1
1362200,ASSIUT,2007-10-01,1788.3,27.18,31.1
1362200,ASSIUT,2007-11-01,1601.46,27.18,31.1
1362200,ASSIUT,2007-12-01,1201.17,27.18,31.1
1362200,ASSIUT,2008-01-01,1003.84,27.18,31.1
1362200,ASSIUT,2008-02-01,916.28,27.18,31.1
1362200,ASSIUT,2008-03-01,832.74,27.18,31.1
1362200,ASSIUT,2008-04-01,718.44,27.18,31.1
1362200,ASSIUT,2008-05-01,753.09,27.18,31.1
1362200,ASSIUT,2008-06-01,1232.74,27.18,31.1
1362200,ASSIUT,2008-07-01,2054.77,27.18,31.1
1362200,ASSIUT,2008-08-01,2578.07,27.18,31.1
1362200,ASSIUT,2008-09-01,2456.49,27.18,31.1
1362200,ASSIUT,2008-10-01,1915.85,27.18,31.1
1362200,ASSIUT,2008-11-01,1306.67,27.18,31.1
1362200,ASSIUT,2008-12-01,1073.02,27.18,31.1
1362200,ASSIUT,2009-01-01,1007.76,27.18,31.1
1362200,ASSIUT,2009-02-01,919.59,27.18,31.1
1362200,ASSIUT,2009-03-01,821.86,27.18,31.1
1362200,ASSIUT,2009-04-01,836.79,27.18,31.1
1362200,ASSIUT,2009-05-01,856.94,27.18,31.1
1362200,ASSIUT,2009-06-01,1187.48,27.18,31.1
1362200,ASSIUT,2009-07-01,2001.73,27.18,31.1
1362200,ASSIUT,2009-08-01,2458.66,27.18,31.1
1362200,ASSIUT,2009-09-01,2535.63,27.18,31.1
1362200,ASSIUT,2009-10-01,1827.92,27.18,31.1
1362200,ASSIUT,2009-11-01,1508.13,27.18,31.1
1362200,ASSIUT,2009-12-01,1123.27,27.18,31.1
1362200,ASSIUT,2010-01-01,1107.81,27.18,31.1
1362200,ASSIUT,2010-02-01,1044.79,27.18,31.1
1362200,ASSIUT,2010-03-01,790.77,27.18,31.1
1362200,ASSIUT,2010-04-01,768.46,27.18,31.1
1362200,ASSIUT,2010-05-01,841.76,27.18,31.1
1362200,ASSIUT,2010-06-01,1158.17,27.18,31.1
1362200,ASSIUT,2010-07-01,2030.04,27.18,31.1
1362200,ASSIUT,2010-08-01,2661.73,27.18,31.1
1362200,ASSIUT,2010-09-01,2545.84,27.18,31.1
1362200,ASSIUT,2010-10-01,1746.23,27.18,31.1
1362200,ASSIUT,2010-11-01,1465.35,27.18,31.1
1362200,ASSIUT,2010-12-01,1244.24,27.18,31.1
1362200,ASSIUT,2011-01-01,1180.85,27.18,31.1
1362200,ASSIUT,2011-02-01,996.81,27.18,31.1
1362200,ASSIUT,2011-03-01,930.2,27.18,31.1
1362200,ASSIUT,2011-04-01,695.15,27.18,31.1
1362200,ASSIUT,2011-05-01,848.89,27.18,31.1
1362200,ASSIUT,2011-06-01,1207.73,27.18,31.1
1362200,ASSIUT,2011-07-01,2331.32,27.18,31.1
1362200,ASSIUT,2011-08-01,2474.02,27.18,31.1
1362200,ASSIUT,2011-09-01,2344.0,27.18,31.1
1362200,ASSIUT,2011-10-01,1762.75,27.18,31.1
1362200,ASSIUT,2011-11-01,1207.6,27.18,31.1
1362200,ASSIUT,2011-12-01,1140.21,27.18,31.1
1362200,ASSIUT,2012-01-01,988.51,27.18,31.1
1362200,ASSIUT,2012-02-01,931.95,27.18,31.1
1362200,ASSIUT,2012-03-01,810.9,27.18,31.1
1362200,ASSIUT,2012-04-01,847.27,27.18,31.1
1362200,ASSIUT,2012-05-01,849.33,27.18,31.1
1362200,ASSIUT,2012-06-01,1129.33,27.18,31.1
1362200,ASSIUT,2012-07-01,1831.47,27.18,31.1
1362200,ASSIUT,2012-08-01,2734.6,27.18,31.1
1362200,ASSIUT,2012-09-01,2235.51,27.18,31.1
1362200,ASSIUT,2012-10-01,2111.59,27.18,31.1
1362200,ASSIUT,2012-11-01,1583.62,27.18,31.1
1362200,ASSIUT,2012-12-01,1139.54,27.18,31.1
1362200,ASSIUT,2013-01-01,903.36,27.18,31.1
1362200,ASSIUT,2013-02-01,1015.18,27.18,31.1
1362200,ASSIUT,2013-03-01,777.93,27.18,31.1
1362200,ASSIUT,2013-04-01,805.34,27.18,31.1
1362200,ASSIUT,2013-05-01,684.97,27.18,31.1
1362200,ASSIUT,2013-06-01,1121.21,27.18,31.1
1362200,ASSIUT,2013-07-01,1963.62,27.18,31.1
1362200,ASSIUT,2013-08-01,2626.9,27.18,31.1
1362200,ASSIUT,2013-09-01,2396.7,27.18,31.1
1362200,ASSIUT,2013-10-01,1923.23,27.18,31.1
1362200,ASSIUT,2013-11-01,1316.45,27.18,31.1
1362200,ASSIUT,2013-12-01,1164.27,27.18,31.1
1362200,ASSIUT,2014-01-01,1051.25,27.18,31.1
1362200,ASSIUT,2014-02-01,948.57,27.18,31.1
1362200,ASSIUT,2014-03-01,825.38,27.18,31.1
1362200,ASSIUT,2014-04-01,663.28,27.18,31.1
1362200,ASSIUT,2014-05-01,685.08,27.18,31.1
1362200,ASSIUT,2014-06-01,1291.11,27.18,31.1
1362200,ASSIUT,2014-07-01,2004.2,27.18,31.1
1362200,ASSIUT,2014-08-01,2447.2,27.18,31.1
1362200,ASSIUT,2014-09-01,2779.79,27.18,31.1
1362200,ASSIUT,2014-10-01,1839.01,27.18,31.1
1362200,ASSIUT,2014-11-01,1566.76,27.18,31.1
1362200,ASSIUT,2014-12-01,1177.71,27.18,31.1
1362200,ASSIUT,2015-01-01,1206.36,27.18,31.1
1362200,ASSIUT,2015-02-01,1033.43,27.18,31.1
1362200,ASSIUT,2015-03-01,761.25,27.18,31.1
1362200,ASSIUT,2015-04-01,781.29,27.18,31.1
1362200,ASSIUT,2015-05-01,816.82,27.18,31.1
1362200,ASSIUT,2015-06-01,1292.65,27.18,31.1
1362200,ASSIUT,2015-07-01,1791.91,27.18,31.1
1362200,ASSIUT,2015-08-01,2731.17,27.18,31.1
1362200,ASSIUT,2015-09-01,2667.89,27.18,31.1
1362200,ASSIUT,2015-10-01,1557.36,27.18,31.1
1362200,ASSIUT,2015-11-01,1289.2,27.18,31.1
1362200,ASSIUT,2015-12-01,975.01,27.18,31.1
1362200,ASSIUT,2016-01-01,1007.83,27.18,31.1
1362200,ASSIUT,2016-02-01,953.01,27.18,31.1
1362200,ASSIUT,2016-03-01,865.37,27.18,31.1
1362200,ASSIUT,2016-04-01,725.3,27.18,31.1
1362200,ASSIUT,2016-05-01,873.18,27.18,31.1
1362200,ASSIUT,2016-06-01,1030.85,27.18,31.1
1362200,ASSIUT,2016-07-01,1668.13,27.18,31.1
1362200,ASSIUT,2016-08-01,2563.64,27.18,31.1
1362200,ASSIUT,2016-09-01,2521.49,27.18,31.1
1362200,ASSIUT,2016-10-01,1797.84,27.18,31.1
1362200,ASSIUT,2016-11-01,1182.05,27.18,31.1
1362200,ASSIUT,2016-12-01,1150.52,27.18,31.1
1362200,ASSIUT,2017-01-01,917.53,27.18,31.1
1362200,ASSIUT,2017-02-01,944.4,27.18,31.1
1362200,ASSIUT,2017-03-01,790.86,27.18,31.1
1362200,ASSIUT,2017-04-01,663.18,27.18,31.1
1362200,ASSIUT,2017-05-01,736.74,27.18,31.1
1362200,ASSIUT,2017-06-01,1054.83,27.18,31.1
1362200,ASSIUT,2017-07-01,1911.18,27.18,31.1
1362200,ASSIUT,2017-08-01,2756.78,27.18,31.1
1362200,ASSIUT,2017-09-01,2241.17,27.18,31.1
1362200,ASSIUT,2017-10-01,1865.05,27.18,31.1
1362200,ASSIUT,2017-11-01,1348.84,27.18,31.1
1362200,ASSIUT,2017-12-01,1079.39,27.18,31.1
1362200,ASSIUT,2018-01-01,1010.11,27.18,31.1
1362200,ASSIUT,2018-02-01,817.65,27.18,31.1
1362200,ASSIUT,2018-03-01,730.28,27.18,31.1
1362200,ASSIUT,2018-04-01,644.84,27.18,31.1
1362200,ASSIUT,2018-05-01,884.23,27.18,31.1
1362200,ASSIUT,2018-06-01,1149.42,27.18,31.1
1362200,ASSIUT,2018-07-01,1803.38,27.18,31.1
1362200,ASSIUT,2018-08-01,2590.69,27.18,31.1
1362200,ASSIUT,2018-09-01,2397.99,27.18,31.1
1362200,ASSIUT,2018-10-01,1751.44,27.18,31.1
1362200,ASSIUT,2018-11-01,1469.73,27.18,31.1
1362200,ASSIUT,2018-12-01,1215.65,27.18,31.1
1362200,ASSIUT,2019-01-01,970.24,27.18,31.1
1362200,ASSIUT,2019-02-01,845.74,27.18,31.1
1362200,ASSIUT,2019-03-01,743.21,27.18,31.1
1362200,ASSIUT,2019-04-01,578.65,27.18,31.1
1362200,ASSIUT,2019-05-01,667.81,27.18,31.1
1362200,ASSIUT,2019-06-01,1264.54,27.18,31.1
1362200,ASSIUT,2019-07-01,2149.83,27.18,31.1
1362200,ASSIUT,2019-08-01,2482.63,27.18,31.1
1362200,ASSIUT,2019-09-01,2517.44,27.18,31.1
1362200,ASSIUT,2019-10-01,1817.32,27.18,31.1
1362200,ASSIUT,2019-11-01,1736.36,27.18,31.1
1362200,ASSIUT,2019-12-01,1241.99,27.18,31.1
1362300,NAG HAMMADI,2000-01-01,1107.75,26.05,32.25
1362300,NAG HAMMADI,2000-02-01,904.44,26.05,32.25
1362300,NAG HAMMADI,2000-03-01,731.52,26.05,32.25
1362300,NAG HAMMADI,2000-04-01,796.19,26.05,32.25
1362300,NAG HAMMADI,2000-05-01,788.61,26.05,32.25
1362300,NAG HAMMADI,2000-06-01,1115.84,26.05,32.25
1362300,NAG HAMMADI,2000-07-01,1989.95,26.05,32.25
1362300,NAG HAMMADI,2000-08-01,2555.91,26.05,32.25
1362300,NAG HAMMADI,2000-09-01,3016.87,26.05,32.25
1362300,NAG HAMMADI,2000-10-01,2096.74,26.05,32.25
1362300,NAG HAMMADI,2000-11-01,1537.92,26.05,32.25
1362300,NAG HAMMADI,2000-12-01,1408.17,26.05,32.25
1362300,NAG HAMMADI,2001-01-01,1120.5,26.05,32.25
1362300,NAG HAMMADI,2001-02-01,907.26,26.05,32.25
1362300,NAG HAMMADI,2001-03-01,936.97,26.05,32.25
1362300,NAG HAMMADI,2001-04-01,813.13,26.05,32.25
1362300,NAG HAMMADI,2001-05-01,765.9,26.05,32.25
1362300,NAG HAMMADI,2001-06-01,1233.73,26.05,32.25
1362300,NAG HAMMADI,2001-07-01,1941.74,26.05,32.25
1362300,NAG HAMMADI,2001-08-01,2476.03,26.05,32.25
1362300,NAG HAMMADI,2001-09-01,2840.77,26.05,32.25
1362300,NAG HAMMADI,2001-10-01,2246.49,26.05,32.25
1362300,NAG HAMMADI,2001-11-01,1359.89,26.05,32.25
1362300,NAG HAMMADI,2001-12-01,1309.23,26.05,32.25
1362300,NAG HAMMADI,2002-01-01,1050.33,26.05,32.25
1362300,NAG HAMMADI,2002-02-01,931.73,26.05,32.25
1362300,NAG HAMMADI,2002-03-01,791.62,26.05,32.25
1362300,NAG HAMMADI,2002-04-01,722.0,26.05,32.25
1362300,NAG HAMMADI,2002-05-01,834.23,26.05,32.25
1362300,NAG HAMMADI,2002-06-01,1163.65,26.05,32.25
1362300,NAG HAMMADI,2002-07-01,2122.47,26.05,32.25
1362300,NAG HAMMADI,2002-08-01,2758.89,26.05,32.25
1362300,NAG HAMMADI,2002-09-01,2581.22,26.05,32.25
1362300,NAG HAMMADI,2002-10-01,1798.23,26.05,32.25
1362300,NAG HAMMADI,2002-11-01,1453.21,26.05,32.25
1362300,NAG HAMMADI,2002-12-01,1321.84,26.05,32.25
1362300,NAG HAMMADI,2003-01-01,1146.59,26.05,32.25
1362300,NAG HAMMADI,2003-02-01,889.17,26.05,32.25
1362300,NAG HAMMADI,2003-03-01,833.38,26.05,32.25
1362300,NAG HAMMADI,2003-04-01,818.08,26.05,32.25
1362300,NAG HAMMADI,2003-05-01,716.39,26.05,32.25
1362300,NAG HAMMADI,2003-06-01,1294.12,26.05,32.25
1362300,NAG HAMMADI,2003-07-01,1957.45,26.05,32.25
1362300,NAG HAMMADI,2003-08-01,2881.84,26.05,32.25
1362300,NAG HAMMADI,2003-09-01,2458.36,26.05,32.25
1362300,NAG HAMMADI,2003-10-01,1650.66,26.05,32.25
1362300,NAG HAMMADI,2003-11-01,1318.45,26.05,32.25
1362300,NAG HAMMADI,2003-12-01,1244.98,26.05,32.25
1362300,NAG HAMMADI,2004-01-01,1119.61,26.05,32.25
1362300,NAG HAMMADI,2004-02-01,890.28,26.05,32.25
1362300,NAG HAMMADI,2004-03-01,864.64,26.05,32.25
1362300,NAG HAMMADI,2004-04-01,665.72,26.05,32.25
1362300,NAG HAMMADI,2004-05-01,818.26,26.05,32.25
1362300,NAG HAMMADI,2004-06-01,1114.37,26.05,32.25
1362300,NAG HAMMADI,2004-07-01,1949.29,26.05,32.25
1362300,NAG HAMMADI,2004-08-01,2752.44,26.05,32.25
1362300,NAG HAMMADI,2004-09-01,2425.63,26.05,32.25
1362300,NAG HAMMADI,2004-10-01,1860.38,26.05,32.25
1362300,NAG HAMMADI,2004-11-01,1629.53,26.05,32.25
1362300,NAG HAMMADI,2004-12-01,1176.97,26.05,32.25
1362300,NAG HAMMADI,2005-01-01,1164.17,26.05,32.25
1362300,NAG HAMMADI,2005-02-01,868.52,26.05,32.25
1362300,NAG HAMMADI,2005-03-01,853.1,26.05,32.25
1362300,NAG HAMMADI,2005-04-01,851.95,26.05,32.25
1362300,NAG HAMMADI,2005-05-01,656.59,26.05,32.25
1362300,NAG HAMMADI,2005-06-01,1149.36,26.05,32.25
1362300,NAG HAMMADI,2005-07-01,2140.49,26.05,32.25
1362300,NAG HAMMADI,2005-08-01,2683.74,26.05,32.25
1362300,NAG HAMMADI,2005-09-01,2668.6,26.05,32.25
1362300,NAG HAMMADI,2005-10-01,1817.36,26.05,32.25
1362300,NAG HAMMADI,2005-11-01,1510.82,26.05,32.25
1362300,NAG HAMMADI,2005-12-01,1212.33,26.05,32.25
1362300,NAG HAMMADI,2006-01-01,1187.05,26.05,32.25
1362300,NAG HAMMADI,2006-02-01,969.26,26.05,32.25
1362300,NAG HAMMADI,2006-03-01,836.21,26.05,32.25
1362300,NAG HAMMADI,2006-04-01,734.9,26.05,32.25
1362300,NAG HAMMADI,2006-05-01,782.46,26.05,32.25
1362300,NAG HAMMADI,2006-06-01,1179.06,26.05,32.25
1362300,NAG HAMMADI,2006-07-01,2099.78,26.05,32.25
1362300,NAG HAMMADI,2006-08-01,2622.65,26.05,32.25
1362300,NAG HAMMADI,2006-09-01,2638.13,26.05,32.25
1362300,NAG HAMMADI,2006-10-01,2215.28,26.05,32.25
1362300,NAG HAMMADI,2006-11-01,1596.76,26.05,32.25
1362300,NAG HAMMADI,2006-12-01,1189.47,26.05,32.25
1362300,NAG HAMMADI,2007-01-01,1183.82,26.05,32.25
1362300,NAG HAMMADI,2007-02-01,914.17,26.05,32.25
1362300,NAG HAMMADI,2007-03-01,677.95,26.05,32.25
1362300,NAG HAMMADI,2007-04-01,695.05,26.05,32.25
1362300,NAG HAMMADI,2007-05-01,688.79,26.05,32.25
1362300,NAG HAMMADI,2007-06-01,1180.86,26.05,32.25
1362300,NAG HAMMADI,2007-07-01,2028.04,26.05,32.25
1362300,NAG HAMMADI,2007-08-01,3062.19,26.05,32.25
1362300,NAG HAMMADI,2007-09-01,2632.15,26.05,32.25
1362300,NAG HAMMADI,2007-10-01,1856.92,26.05,32.25
1362300,NAG HAMMADI,2007-11-01,1583.57,26.05,32.25
1362300,NAG HAMMADI,2007-12-01,1000.1,26.05,32.25
1362300,NAG HAMMADI,2008-01-01,1094.68,26.05,32.25
1362300,NAG HAMMADI,2008-02-01,998.1,26.05,32.25
1362300,NAG HAMMADI,2008-03-01,710.51,26.05,32.25
1362300,NAG HAMMADI,2008-04-01,820.92,26.05,32.25
1362300,NAG HAMMADI,2008-05-01,827.65,26.05,32.25
1362300,NAG HAMMADI,2008-06-01,1168.58,26.05,32.25
1362300,NAG HAMMADI,2008-07-01,2116.54,26.05,32.25
1362300,NAG HAMMADI,2008-08-01,3174.02,26.05,32.25
1362300,NAG HAMMADI,2008-09-01,2588.9,26.05,32.25
1362300,NAG HAMMADI,2008-10-01,1917.59,26.05,32.25
1362300,NAG HAMMADI,2008-11-01,1423.05,26.05,32.25
1362300,NAG HAMMADI,2008-12-01,1126.56,26.05,32.25
1362300,NAG HAMMADI,2009-01-01,1139.84,26.05,32.25
1362300,NAG HAMMADI,2009-02-01,871.18,26.05,32.25
1362300,NAG HAMMADI,2009-03-01,806.22,26.05,32.25
1362300,NAG HAMMADI,2009-04-01,719.6,26.05,32.25
1362300,NAG HAMMADI,2009-05-01,832.34,26.05,32.25
1362300,NAG HAMMADI,2009-06-01,1234.54,26.05,32.25
1362300,NAG HAMMADI,2009-07-01,2170.41,26.05,32.25
1362300,NAG HAMMADI,2009-08-01,2563.07,26.05,32.25
1362300,NAG HAMMADI,2009-09-01,2483.68,26.05,32.25
1362300,NAG HAMMADI,2009-10-01,1724.0,26.05,32.25
1362300,NAG HAMMADI,2009-11-01,1417.41,26.05,32.25
1362300,NAG HAMMADI,2009-12-01,1238.74,26.05,32.25
1362300,NAG HAMMADI,2010-01-01,1127.63,26.05,32.25
1362300,NAG HAMMADI,2010-02-01,861.7,26.05,32.25
1362300,NAG HAMMADI,2010-03-01,852.91,26.05,32.25
1362300,NAG HAMMADI,2010-04-01,824.98,26.05,32.25
1362300,NAG HAMMADI,2010-05-01,823.8,26.05,32.25
1362300,NAG HAMMADI,2010-06-01,1375.74,26.05,32.25
1362300,NAG HAMMADI,2010-07-01,1870.17,26.05,32.25
1362300,NAG HAMMADI,2010-08-01,2393.43,26.05,32.25
1362300,NAG HAMMADI,2010-09-01,2165.87,26.05,32.25
1362300,NAG HAMMADI,2010-10-01,2083.36,26.05,32.25
1362300,NAG HAMMADI,2010-11-01,1538.49,26.05,32.25
1362300,NAG HAMMADI,2010-12-01,1190.83,26.05,32.25
1362300,NAG HAMMADI,2011-01-01,1081.33,26.05,32.25
1362300,NAG HAMMADI,2011-02-01,842.11,26.05,32.25
1362300,NAG HAMMADI,2011-03-01,948.44,26.05,32.25
1362300,NAG HAMMADI,2011-04-01,748.0,26.05,32.25
1362300,NAG HAMMADI,2011-05-01,800.18,26.05,32.25
1362300,NAG HAMMADI,2011-06-01,1258.93,26.05,32.25
1362300,NAG HAMMADI,2011-07-01,2059.39,26.05,32.25
1362300,NAG HAMMADI,2011-08-01,2691.47,26.05,32.25
1362300,NAG HAMMADI,2011-09-01,2353.06,26.05,32.25
1362300,NAG HAMMADI,2011-10-01,1920.69,26.05,32.25
1362300,NAG HAMMADI,2011-11-01,1673.22,26.05,32.25
1362300,NAG HAMMADI,2011-12-01,1317.92,26.05,32.25
1362300,NAG HAMMADI,2012-01-01,1186.14,26.05,32.25
1362300,NAG HAMMADI,2012-02-01,882.89,26.05,32.25
1362300,NAG HAMMADI,2012-03-01,726.57,26.05,32.25
1362300,NAG HAMMADI,2012-04-01,729.02,26.05,32.25
1362300,NAG HAMMADI,2012-05-01,792.55,26.05,32.25
1362300,NAG HAMMADI,2012-06-01,1287.16,26.05,32.25
1362300,NAG HAMMADI,2012-07-01,1705.51,26.05,32.25
1362300,NAG HAMMADI,2012-08-01,2951.95,26.05,32.25
1362300,NAG HAMMADI,2012-09-01,2467.03,26.05,32.25
1362300,NAG HAMMADI,2012-10-01,1778.21,26.05,32.25
1362300,NAG HAMMADI,2012-11-01,1329.44,26.05,32.25
1362300,NAG HAMMADI,2012-12-01,1026.87,26.05,32.25
1362300,NAG HAMMADI,2013-01-01,1115.36,26.05,32.25
1362300,NAG HAMMADI,2013-02-01,921.02,26.05,32.25
1362300,NAG HAMMADI,2013-03-01,703.85,26.05,32.25
1362300,NAG HAMMADI,2013-04-01,656.62,26.05,32.25
1362300,NAG HAMMADI,2013-05-01,763.76,26.05,32.25
1362300,NAG HAMMADI,2013-06-01,1334.45,26.05,32.25
1362300,NAG HAMMADI,2013-07-01,1921.35,26.05,32.25
1362300,NAG HAMMADI,2013-08-01,2301.54,26.05,32.25
1362300,NAG HAMMADI,2013-09-01,2436.46,26.05,32.25
1362300,NAG HAMMADI,2013-10-01,1791.34,26.05,32.25
1362300,NAG HAMMADI,2013-11-01,1128.43,26.05,32.25
1362300,NAG HAMMADI,2013-12-01,1172.14,26.05,32.25
1362300,NAG HAMMADI,2014-01-01,1021.63,26.05,32.25
1362300,NAG HAMMADI,2014-02-01,961.47,26.05,32.25
1362300,NAG HAMMADI,2014-03-01,896.11,26.05,32.25
1362300,NAG HAMMADI,2014-04-01,794.26,26.05,32.25
1362300,NAG HAMMADI,2014-05-01,763.85,26.05,32.25
1362300,NAG HAMMADI,2014-06-01,1067.31,26.05,32.25
1362300,NAG HAMMADI,2014-07-01,2353.38,26.05,32.25
1362300,NAG HAMMADI,2014-08-01,2614.47,26.05,32.25
1362300,NAG HAMMADI,2014-09-01,2474.79,26.05,32.25
1362300,NAG HAMMADI,2014-10-01,1817.98,26.05,32.25
1362300,NAG HAMMADI,2014-11-01,1453.86,26.05,32.25
1362300,NAG HAMMADI,2014-12-01,1157.44,26.05,32.25
1362300,NAG HAMMADI,2015-01-01,987.75,26.05,32.25
1362300,NAG HAMMADI,2015-02-01,866.22,26.05,32.25
1362300,NAG HAMMADI,2015-03-01,774.41,26.05,32.25
1362300,NAG HAMMADI,2015-04-01,693.18,26.05,32.25
1362300,NAG HAMMADI,2015-05-01,732.17,26.05,32.25
1362300,NAG HAMMADI,2015-06-01,1174.58,26.05,32.25
1362300,NAG HAMMADI,2015-07-01,1901.52,26.05,32.25
1362300,NAG HAMMADI,2015-08-01,2899.55,26.05,32.25
1362300,NAG HAMMADI,2015-09-01,1937.3,26.05,32.25
1362300,NAG HAMMADI,2015-10-01,1969.9,26.05,32.25
1362300,NAG HAMMADI,2015-11-01,1565.38,26.05,32.25
1362300,NAG HAMMADI,2015-12-01,971.48,26.05,32.25
1362300,NAG HAMMADI,2016-01-01,1001.44,26.05,32.25
1362300,NAG HAMMADI,2016-02-01,874.18,26.05,32.25
1362300,NAG HAMMADI,2016-03-01,685.29,26.05,32.25
1362300,NAG HAMMADI,2016-04-01,675.91,26.05,32.25
1362300,NAG HAMMADI,2016-05-01,703.64,26.05,32.25
1362300,NAG HAMMADI,2016-06-01,1320.75,26.05,32.25
1362300,NAG HAMMADI,2016-07-01,2075.14,26.05,32.25
1362300,NAG HAMMADI,2016-08-01,2836.01,26.05,32.25
1362300,NAG HAMMADI,2016-09-01,2586.64,26.05,32.25
1362300,NAG HAMMADI,2016-10-01,1639.16,26.05,32.25
1362300,NAG HAMMADI,2016-11-01,1356.38,26.05,32.25
1362300,NAG HAMMADI,2016-12-01,1203.72,26.05,32.25
1362300,NAG HAMMADI,2017-01-01,923.94,26.05,32.25
1362300,NAG HAMMADI,2017-02-01,947.17,26.05,32.25
1362300,NAG HAMMADI,2017-03-01,753.28,26.05,32.25
1362300,NAG HAMMADI,2017-04-01,695.35,26.05,32.25
1362300,NAG HAMMADI,2017-05-01,811.74,26.05,32.25
1362300,NAG HAMMADI,2017-06-01,1193.02,26.05,32.25
1362300,NAG HAMMADI,2017-07-01,1864.68,26.05,32.25
1362300,NAG HAMMADI,2017-08-01,2797.62,26.05,32.25
1362300,NAG HAMMADI,2017-09-01,2221.82,26.05,32.25
1362300,NAG HAMMADI,2017-10-01,1880.43,26.05,32.25
1362300,NAG HAMMADI,2017-11-01,1474.9,26.05,32.25
1362300,NAG HAMMADI,2017-12-01,1123.55,26.05,32.25
1362300,NAG HAMMADI,2018-01-01,1045.04,26.05,32.25
1362300,NAG HAMMADI,2018-02-01,801.97,26.05,32.25
1362300,NAG HAMMADI,2018-03-01,820.32,26.05,32.25
1362300,NAG HAMMADI,2018-04-01,702.38,26.05,32.25
1362300,NAG HAMMADI,2018-05-01,731.91,26.05,32.25
1362300,NAG HAMMADI,2018-06-01,1241.94,26.05,32.25
1362300,NAG HAMMADI,2018-07-01,1802.03,26.05,32.25
1362300,NAG HAMMADI,2018-08-01,2259.28,26.05,32.25
1362300,NAG HAMMADI,2018-09-01,2117.65,26.05,32.25
1362300,NAG HAMMADI,2018-10-01,1868.73,26.05,32.25
1362300,NAG HAMMADI,2018-11-01,1256.95,26.05,32.25
1362300,NAG HAMMADI,2018-12-01,1306.63,26.05,32.25
1362300,NAG HAMMADI,2019-01-01,844.18,26.05,32.25
1362300,NAG HAMMADI,2019-02-01,1006.55,26.05,32.25
1362300,NAG HAMMADI,2019-03-01,772.48,26.05,32.25
1362300,NAG HAMMADI,2019-04-01,703.53,26.05,32.25
1362300,NAG HAMMADI,2019-05-01,726.54,26.05,32.25
1362300,NAG HAMMADI,2019-06-01,1175.87,26.05,32.25
1362300,NAG HAMMADI,2019-07-01,1893.42,26.05,32.25
1362300,NAG HAMMADI,2019-08-01,2755.69,26.05,32.25
1362300,NAG HAMMADI,2019-09-01,2427.56,26.05,32.25
1362300,NAG HAMMADI,2019-10-01,1793.85,26.05,32.25
1362300,NAG HAMMADI,2019-11-01,1352.19,26.05,32.25
1362300,NAG HAMMADI,2019-12-01,1134.29,26.05,32.25
1362400,ESNA,2000-01-01,1146.35,25.32,32.56
1362400,ESNA,2000-02-01,845.02,25.32,32.56
1362400,ESNA,2000-03-01,748.6,25.32,32.56
1362400,ESNA,2000-04-01,829.73,25.32,32.56
1362400,ESNA,2000-05-01,850.57,25.32,32.56
1362400,ESNA,2000-06-01,1240.12,25.32,32.56
1362400,ESNA,2000-07-01,2100.84,25.32,32.56
1362400,ESNA,2000-08-01,2874.77,25.32,32.56
1362400,ESNA,2000-09-01,2542.41,25.32,32.56
1362400,ESNA,2000-10-01,1835.99,25.32,32.56
1362400,ESNA,2000-11-01,1562.45,25.32,32.56
1362400,ESNA,2000-12-01,1160.14,25.32,32.56
1362400,ESNA,2001-01-01,1149.56,25.32,32.56
1362400,ESNA,2001-02-01,841.38,25.32,32.56
1362400,ESNA,2001-03-01,903.64,25.32,32.56
1362400,ESNA,2001-04-01,808.71,25.32,32.56
1362400,ESNA,2001-05-01,852.01,25.32,32.56
1362400,ESNA,2001-06-01,1350.81,25.32,32.56
1362400,ESNA,2001-07-01,2365.36,25.32,32.56
1362400,ESNA,2001-08-01,3008.86,25.32,32.56
1362400,ESNA,2001-09-01,2254.5,25.32,32.56
1362400,ESNA,2001-10-01,1748.69,25.32,32.56
1362400,ESNA,2001-11-01,1454.15,25.32,32.56
1362400,ESNA,2001-12-01,1254.97,25.32,32.56
1362400,ESNA,2002-01-01,1153.48,25.32,32.56
1362400,ESNA,2002-02-01,912.89,25.32,32.56
1362400,ESNA,2002-03-01,843.12,25.32,32.56
1362400,ESNA,2002-04-01,728.47,25.32,32.56
1362400,ESNA,2002-05-01,790.07,25.32,32.56
1362400,ESNA,2002-06-01,1105.84,25.32,32.56
1362400,ESNA,2002-07-01,1923.38,25.32,32.56
1362400,ESNA,2002-08-01,2469.6,25.32,32.56
1362400,ESNA,2002-09-01,2425.21,25.32,32.56
1362400,ESNA,2002-10-01,2101.7,25.32,32.56
1362400,ESNA,2002-11-01,1407.29,25.32,32.56
1362400,ESNA,2002-12-01,1508.47,25.32,32.56
1362400,ESNA,2003-01-01,1145.51,25.32,32.56
1362400,ESNA,2003-02-01,978.52,25.32,32.56
1362400,ESNA,2003-03-01,769.76,25.32,32.56
1362400,ESNA,2003-04-01,814.63,25.32,32.56
1362400,ESNA,2003-05-01,788.45,25.32,32.56
1362400,ESNA,2003-06-01,1251.87,25.32,32.56
1362400,ESNA,2003-07-01,2489.47,25.32,32.56
1362400,ESNA,2003-08-01,2733.87,25.32,32.56
1362400,ESNA,2003-09-01,2857.93,25.32,32.56
1362400,ESNA,2003-10-01,1820.04,25.32,32.56
1362400,ESNA,2003-11-01,1511.03,25.32,32.56
1362400,ESNA,2003-12-01,1415.4,25.32,32.56
1362400,ESNA,2004-01-01,1041.43,25.32,32.56
1362400,ESNA,2004-02-01,1098.48,25.32,32.56
1362400,ESNA,2004-03-01,868.88,25.32,32.56
1362400,ESNA,2004-04-01,732.96,25.32,32.56
1362400,ESNA,2004-05-01,863.92,25.32,32.56
1362400,ESNA,2004-06-01,1329.45,25.32,32.56
1362400,ESNA,2004-07-01,2158.06,25.32,32.56
1362400,ESNA,2004-08-01,2396.73,25.32,32.56
1362400,ESNA,2004-09-01,2452.53,25.32,32.56
1362400,ESNA,2004-10-01,1880.75,25.32,32.56
1362400,ESNA,2004-11-01,1498.61,25.32,32.56
1362400,ESNA,2004-12-01,1294.72,25.32,32.56
1362400,ESNA,2005-01-01,1106.34,25.32,32.56
1362400,ESNA,2005-02-01,852.51,25.32,32.56
1362400,ESNA,2005-03-01,843.01,25.32,32.56
1362400,ESNA,2005-04-01,800.88,25.32,32.56
1362400,ESNA,2005-05-01,854.76,25.32,32.56
1362400,ESNA,2005-06-01,1333.29,25.32,32.56
1362400,ESNA,2005-07-01,2181.76,25.32,32.56
1362400,ESNA,2005-08-01,2827.25,25.32,32.56
1362400,ESNA,2005-09-01,2576.18,25.32,32.56
1362400,ESNA,2005-10-01,1655.3,25.32,32.56
1362400,ESNA,2005-11-01,1551.44,25.32,32.56
1362400,ESNA,2005-12-01,1247.57,25.32,32.56
1362400,ESNA,2006-01-01,1108.81,25.32,32.56
1362400,ESNA,2006-02-01,852.59,25.32,32.56
1362400,ESNA,2006-03-01,743.53,25.32,32.56
1362400,ESNA,2006-04-01,823.67,25.32,32.56
1362400,ESNA,2006-05-01,811.35,25.32,32.56
1362400,ESNA,2006-06-01,1287.45,25.32,32.56
1362400,ESNA,2006-07-01,2039.43,25.32,32.56
1362400,ESNA,2006-08-01,2719.55,25.32,32.56
1362400,ESNA,2006-09-01,2770.9,25.32,32.56
1362400,ESNA,2006-10-01,1820.76,25.32,32.56
1362400,ESNA,2006-11-01,1503.67,25.32,32.56
1362400,ESNA,2006-12-01,1175.74,25.32,32.56
1362400,ESNA,2007-01-01,1042.11,25.32,32.56
1362400,ESNA,2007-02-01,921.32,25.32,32.56
1362400,ESNA,2007-03-01,824.12,25.32,32.56
1362400,ESNA,2007-04-01,726.8,25.32,32.56
1362400,ESNA,2007-05-01,891.08,25.32,32.56
1362400,ESNA,2007-06-01,1127.67,25.32,32.56
1362400,ESNA,2007-07-01,1994.07,25.32,32.56
1362400,ESNA,2007-08-01,2604.15,25.32,32.56
1362400,ESNA,2007-09-01,2860.97,25.32,32.56
1362400,ESNA,2007-10-01,1919.08,25.32,32.56
1362400,ESNA,2007-11-01,1607.05,25.32,32.56
1362400,ESNA,2007-12-01,1070.25,25.32,32.56
1362400,ESNA,2008-01-01,1096.99,25.32,32.56
1362400,ESNA,2008-02-01,1006.68,25.32,32.56
1362400,ESNA,2008-03-01,810.84,25.32,32.56
1362400,ESNA,2008-04-01,815.92,25.32,32.56
1362400,ESNA,2008-05-01,772.2,25.32,32.56
1362400,ESNA,2008-06-01,1344.54,25.32,32.56
1362400,ESNA,2008-07-01,2384.21,25.32,32.56
1362400,ESNA,2008-08-01,2607.18,25.32,32.56
1362400,ESNA,2008-09-01,2459.95,25.32,32.56
1362400,ESNA,2008-10-01,2098.12,25.32,32.56
1362400,ESNA,2008-11-01,1663.43,25.32,32.56
1362400,ESNA,2008-12-01,1157.76,25.32,32.56
1362400,ESNA,2009-01-01,1032.54,25.32,32.56
1362400,ESNA,2009-02-01,913.82,25.32,32.56
1362400,ESNA,2009-03-01,715.15,25.32,32.56
1362400,ESNA,2009-04-01,692.95,25.32,32.56
1362400,ESNA,2009-05-01,736.97,25.32,32.56
1362400,ESNA,2009-06-01,1128.18,25.32,32.56
1362400,ESNA,2009-07-01,1997.79,25.32,32.56
1362400,ESNA,2009-08-01,2721.18,25.32,32.56
1362400,ESNA,2009-09-01,2852.34,25.32,32.56
1362400,ESNA,2009-10-01,1720.46,25.32,32.56
1362400,ESNA,2009-11-01,1584.81,25.32,32.56
1362400,ESNA,2009-12-01,1181.43,25.32,32.56
1362400,ESNA,2010-01-01,1058.65,25.32,32.56
1362400,ESNA,2010-02-01,980.21,25.32,32.56
1362400,ESNA,2010-03-01,725.55,25.32,32.56
1362400,ESNA,2010-04-01,766.76,25.32,32.56
1362400,ESNA,2010-05-01,807.76,25.32,32.56
1362400,ESNA,2010-06-01,1242.82,25.32,32.56
1362400,ESNA,2010-07-01,2038.96,25.32,32.56
1362400,ESNA,2010-08-01,3179.08,25.32,32.56
1362400,ESNA,2010-09-01,2395.51,25.32,32.56
1362400,ESNA,2010-10-01,1780.99,25.32,32.56
1362400,ESNA,2010-11-01,1388.58,25.32,32.56
1362400,ESNA,2010-12-01,1142.58,25.32,32.56
1362400,ESNA,2011-01-01,1003.35,25.32,32.56
1362400,ESNA,2011-02-01,1013.11,25.32,32.56
1362400,ESNA,2011-03-01,883.06,25.32,32.56
1362400,ESNA,2011-04-01,706.29,25.32,32.56
1362400,ESNA,2011-05-01,740.15,25.32,32.56
1362400,ESNA,2011-06-01,1234.28,25.32,32.56
1362400,ESNA,2011-07-01,1894.8,25.32,32.56
1362400,ESNA,2011-08-01,2777.0,25.32,32.56
1362400,ESNA,2011-09-01,2551.77,25.32,32.56
1362400,ESNA,2011-10-01,1625.86,25.32,32.56
1362400,ESNA,2011-11-01,1633.71,25.32,32.56
1362400,ESNA,2011-12-01,1360.31,25.32,32.56
1362400,ESNA,2012-01-01,1000.12,25.32,32.56
1362400,ESNA,2012-02-01,891.67,25.32,32.56
1362400,ESNA,2012-03-01,806.79,25.32,32.56
1362400,ESNA,2012-04-01,755.87,25.32,32.56
1362400,ESNA,2012-05-01,830.31,25.32,32.56
1362400,ESNA,2012-06-01,1373.4,25.32,32.56
1362400,ESNA,2012-07-01,1943.97,25.32,32.56
1362400,ESNA,2012-08-01,2461.27,25.32,32.56
1362400,ESNA,2012-09-01,2222.11,25.32,32.56
1362400,ESNA,2012-10-01,1732.81,25.32,32.56
1362400,ESNA,2012-11-01,1442.22,25.32,32.56
1362400,ESNA,2012-12-01,1352.99,25.32,32.56
1362400,ESNA,2013-01-01,1002.76,25.32,32.56
1362400,ESNA,2013-02-01,931.71,25.32,32.56
1362400,ESNA,2013-03-01,783.53,25.32,32.56
1362400,ESNA,2013-04-01,801.87,25.32,32.56
1362400,ESNA,2013-05-01,943.16,25.32,32.56
1362400,ESNA,2013-06-01,1126.86,25.32,32.56
1362400,ESNA,2013-07-01,1884.6,25.32,32.56
1362400,ESNA,2013-08-01,2833.65,25.32,32.56
1362400,ESNA,2013-09-01,2619.96,25.32,32.56
1362400,ESNA,2013-10-01,2101.09,25.32,32.56
1362400,ESNA,2013-11-01,1505.55,25.32,32.56
1362400,ESNA,2013-12-01,1143.01,25.32,32.56
1362400,ESNA,2014-01-01,1089.65,25.32,32.56
1362400,ESNA,2014-02-01,991.17,25.32,32.56
1362400,ESNA,2014-03-01,831.58,25.32,32.56
1362400,ESNA,2014-04-01,757.9,25.32,32.56
1362400,ESNA,2014-05-01,846.95,25.32,32.56
1362400,ESNA,2014-06-01,1280.04,25.32,32.56
1362400,ESNA,2014-07-01,2166.62,25.32,32.56
1362400,ESNA,2014-08-01,2736.2,25.32,32.56
1362400,ESNA,2014-09-01,2438.11,25.32,32.56
1362400,ESNA,2014-10-01,1842.22,25.32,32.56
1362400,ESNA,2014-11-01,1568.75,25.32,32.56
1362400,ESNA,2014-12-01,1094.04,25.32,32.56
1362400,ESNA,2015-01-01,1065.41,25.32,32.56
1362400,ESNA,2015-02-01,877.03,25.32,32.56
1362400,ESNA,2015-03-01,777.95,25.32,32.56
1362400,ESNA,2015-04-01,798.51,25.32,32.56
1362400,ESNA,2015-05-01,788.03,25.32,32.56
1362400,ESNA,2015-06-01,1168.58,25.32,32.56
1362400,ESNA,2015-07-01,1729.32,25.32,32.56
1362400,ESNA,2015-08-01,2741.68,25.32,32.56
1362400,ESNA,2015-09-01,2584.78,25.32,32.56
1362400,ESNA,2015-10-01,2124.48,25.32,32.56
1362400,ESNA,2015-11-01,1387.94,25.32,32.56
1362400,ESNA,2015-12-01,1184.66,25.32,32.56
1362400,ESNA,2016-01-01,1049.83,25.32,32.56
1362400,ESNA,2016-02-01,1014.29,25.32,32.56
1362400,ESNA,2016-03-01,766.09,25.32,32.56
1362400,ESNA,2016-04-01,736.59,25.32,32.56
1362400,ESNA,2016-05-01,809.51,25.32,32.56
1362400,ESNA,2016-06-01,1175.24,25.32,32.56
1362400,ESNA,2016-07-01,1861.0,25.32,32.56
1362400,ESNA,2016-08-01,2613.2,25.32,32.56
1362400,ESNA,2016-09-01,2654.54,25.32,32.56
1362400,ESNA,2016-10-01,1653.35,25.32,32.56
1362400,ESNA,2016-11-01,1430.34,25.32,32.56
1362400,ESNA,2016-12-01,1093.1,25.32,32.56
1362400,ESNA,2017-01-01,1121.57,25.32,32.56
1362400,ESNA,2017-02-01,786.59,25.32,32.56
1362400,ESNA,2017-03-01,733.45,25.32,32.56
1362400,ESNA,2017-04-01,738.22,25.32,32.56
1362400,ESNA,2017-05-01,863.93,25.32,32.56
1362400,ESNA,2017-06-01,1145.61,25.32,32.56
1362400,ESNA,2017-07-01,1834.19,25.32,32.56
1362400,ESNA,2017-08-01,2944.4,25.32,32.56
1362400,ESNA,2017-09-01,2149.65,25.32,32.56
1362400,ESNA,2017-10-01,1476.35,25.32,32.56
1362400,ESNA,2017-11-01,1457.14,25.32,32.56
1362400,ESNA,2017-12-01,1105.41,25.32,32.56
1362400,ESNA,2018-01-01,934.93,25.32,32.56
1362400,ESNA,2018-02-01,941.33,25.32,32.56
1362400,ESNA,2018-03-01,778.47,25.32,32.56
1362400,ESNA,2018-04-01,680.52,25.32,32.56
1362400,ESNA,2018-05-01,685.37,25.32,32.56
1362400,ESNA,2018-06-01,1225.31,25.32,32.56
1362400,ESNA,2018-07-01,2008.25,25.32,32.56
1362400,ESNA,2018-08-01,2525.08,25.32,32.56
1362400,ESNA,2018-09-01,2775.22,25.32,32.56
1362400,ESNA,2018-10-01,1629.16,25.32,32.56
1362400,ESNA,2018-11-01,1229.05,25.32,32.56
1362400,ESNA,2018-12-01,1081.97,25.32,32.56
1362400,ESNA,2019-01-01,1008.82,25.32,32.56
1362400,ESNA,2019-02-01,903.2,25.32,32.56
1362400,ESNA,2019-03-01,744.73,25.32,32.56
1362400,ESNA,2019-04-01,728.72,25.32,32.56
1362400,ESNA,2019-05-01,683.35,25.32,32.56
1362400,ESNA,2019-06-01,1270.64,25.32,32.56
1362400,ESNA,2019-07-01,1885.99,25.32,32.56
1362400,ESNA,2019-08-01,2757.54,25.32,32.56
1362400,ESNA,2019-09-01,2470.65,25.32,32.56
1362400,ESNA,2019-10-01,1836.65,25.32,32.56
1362400,ESNA,2019-11-01,1455.67,25.32,32.56
1362400,ESNA,2019-12-01,1179.88,25.32,32.56
1362500,GAAFRA,2000-01-01,1175.91,24.32,32.9
1362500,GAAFRA,2000-02-01,1082.66,24.32,32.9
1362500,GAAFRA,2000-03-01,851.99,24.32,32.9
1362500,GAAFRA,2000-04-01,827.29,24.32,32.9
1362500,GAAFRA,2000-05-01,832.78,24.32,32.9
1362500,GAAFRA,2000-06-01,1403.16,24.32,32.9
1362500,GAAFRA,2000-07-01,1983.53,24.32,32.9
1362500,GAAFRA,2000-08-01,3198.83,24.32,32.9
1362500,GAAFRA,2000-09-01,2647.67,24.32,32.9
1362500,GAAFRA,2000-10-01,1733.17,24.32,32.9
1362500,GAAFRA,2000-11-01,1553.56,24.32,32.9
1362500,GAAFRA,2000-12-01,1189.65,24.32,32.9
1362500,GAAFRA,2001-01-01,1187.65,24.32,32.9
1362500,GAAFRA,2001-02-01,922.87,24.32,32.9
1362500,GAAFRA,2001-03-01,804.82,24.32,32.9
1362500,GAAFRA,2001-04-01,661.21,24.32,32.9
1362500,GAAFRA,2001-05-01,804.41,24.32,32.9
1362500,GAAFRA,2001-06-01,1009.15,24.32,32.9
1362500,GAAFRA,2001-07-01,1822.13,24.32,32.9
1362500,GAAFRA,2001-08-01,2951.26,24.32,32.9
1362500,GAAFRA,2001-09-01,2809.06,24.32,32.9
1362500,GAAFRA,2001-10-01,2013.7,24.32,32.9
1362500,GAAFRA,2001-11-01,1411.74,24.32,32.9
1362500,GAAFRA,2001-12-01,1247.13,24.32,32.9
1362500,GAAFRA,2002-01-01,1106.9,24.32,32.9
1362500,GAAFRA,2002-02-01,879.03,24.32,32.9
1362500,GAAFRA,2002-03-01,930.29,24.32,32.9
1362500,GAAFRA,2002-04-01,829.45,24.32,32.9
1362500,GAAFRA,2002-05-01,815.73,24.32,32.9
1362500,GAAFRA,2002-06-01,1248.3,24.32,32.9
1362500,GAAFRA,2002-07-01,2110.64,24.32,32.9
1362500,GAAFRA,2002-08-01,2315.91,24.32,32.9
1362500,GAAFRA,2002-09-01,2577.64,24.32,32.9
1362500,GAAFRA,2002-10-01,1831.91,24.32,32.9
1362500,GAAFRA,2002-11-01,1400.43,24.32,32.9
1362500,GAAFRA,2002-12-01,1217.61,24.32,32.9
1362500,GAAFRA,2003-01-01,1260.05,24.32,32.9
1362500,GAAFRA,2003-02-01,1013.34,24.32,32.9
1362500,GAAFRA,2003-03-01,788.46,24.32,32.9
1362500,GAAFRA,2003-04-01,806.46,24.32,32.9
1362500,GAAFRA,2003-05-01,918.71,24.32,32.9
1362500,GAAFRA,2003-06-01,1331.0,24.32,32.9
1362500,GAAFRA,2003-07-01,2075.4,24.32,32.9
1362500,GAAFRA,2003-08-01,2611.52,24.32,32.9
1362500,GAAFRA,2003-09-01,2762.5,24.32,32.9
1362500,GAAFRA,2003-10-01,1988.53,24.32,32.9
1362500,GAAFRA,2003-11-01,1623.21,24.32,32.9
1362500,GAAFRA,2003-12-01,1302.3,24.32,32.9
1362500,GAAFRA,2004-01-01,1188.06,24.32,32.9
1362500,GAAFRA,2004-02-01,917.96,24.32,32.9
1362500,GAAFRA,2004-03-01,908.66,24.32,32.9
1362500,GAAFRA,2004-04-01,779.35,24.32,32.9
1362500,GAAFRA,2004-05-01,958.5,24.32,32.9
1362500,GAAFRA,2004-06-01,1165.05,24.32,32.9
1362500,GAAFRA,2004-07-01,2340.46,24.32,32.9
1362500,GAAFRA,2004-08-01,2783.46,24.32,32.9
1362500,GAAFRA,2004-09-01,2467.42,24.32,32.9
1362500,GAAFRA,2004-10-01,1843.81,24.32,32.9
1362500,GAAFRA,2004-11-01,1468.42,24.32,32.9
1362500,GAAFRA,2004-12-01,1274.88,24.32,32.9
1362500,GAAFRA,2005-01-01,1136.05,24.32,32.9
1362500,GAAFRA,2005-02-01,910.34,24.32,32.9
1362500,GAAFRA,2005-03-01,816.24,24.32,32.9
1362500,GAAFRA,2005-04-01,894.12,24.32,32.9
1362500,GAAFRA,2005-05-01,930.86,24.32,32.9
1362500,GAAFRA,2005-06-01,1269.57,24.32,32.9
1362500,GAAFRA,2005-07-01,2050.79,24.32,32.9
1362500,GAAFRA,2005-08-01,2752.28,24.32,32.9
1362500,GAAFRA,2005-09-01,2716.91,24.32,32.9
1362500,GAAFRA,2005-10-01,1752.13,24.32,32.9
1362500,GAAFRA,2005-11-01,1468.48,24.32,32.9
1362500,GAAFRA,2005-12-01,1062.99,24.32,32.9
1362500,GAAFRA,2006-01-01,1119.5,24.32,32.9
1362500,GAAFRA,2006-02-01,998.39,24.32,32.9
1362500,GAAFRA,2006-03-01,782.18,24.32,32.9
1362500,GAAFRA,2006-04-01,855.02,24.32,32.9
1362500,GAAFRA,2006-05-01,733.85,24.32,32.9
1362500,GAAFRA,2006-06-01,1077.48,24.32,32.9
1362500,GAAFRA,2006-07-01,2070.61,24.32,32.9
1362500,GAAFRA,2006-08-01,2939.31,24.32,32.9
1362500,GAAFRA,2006-09-01,2923.61,24.32,32.9
1362500,GAAFRA,2006-10-01,1828.79,24.32,32.9
1362500,GAAFRA,2006-11-01,1620.39,24.32,32.9
1362500,GAAFRA,2006-12-01,1216.69,24.32,32.9
1362500,GAAFRA,2007-01-01,1064.35,24.32,32.9
1362500,GAAFRA,2007-02-01,1011.11,24.32,32.9
1362500,GAAFRA,2007-03-01,851.68,24.32,32.9
1362500,GAAFRA,2007-04-01,660.2,24.32,32.9
1362500,GAAFRA,2007-05-01,905.06,24.32,32.9
1362500,GAAFRA,2007-06-01,1348.22,24.32,32.9
1362500,GAAFRA,2007-07-01,1922.33,24.32,32.9
1362500,GAAFRA,2007-08-01,2783.57,24.32,32.9
1362500,GAAFRA,2007-09-01,2664.54,24.32,32.9
1362500,GAAFRA,2007-10-01,1928.08,24.32,32.9
1362500,GAAFRA,2007-11-01,1418.65,24.32,32.9
1362500,GAAFRA,2007-12-01,1148.93,24.32,32.9
1362500,GAAFRA,2008-01-01,1071.47,24.32,32.9
1362500,GAAFRA,2008-02-01,1027.59,24.32,32.9
1362500,GAAFRA,2008-03-01,840.27,24.32,32.9
1362500,GAAFRA,2008-04-01,729.28,24.32,32.9
1362500,GAAFRA,2008-05-01,854.96,24.32,32.9
1362500,GAAFRA,2008-06-01,932.62,24.32,32.9
1362500,GAAFRA,2008-07-01,2198.13,24.32,32.9
1362500,GAAFRA,2008-08-01,2310.59,24.32,32.9
1362500,GAAFRA,2008-09-01,2476.02,24.32,32.9
1362500,GAAFRA,2008-10-01,1710.61,24.32,32.9
1362500,GAAFRA,2008-11-01,1323.38,24.32,32.9
1362500,GAAFRA,2008-12-01,1320.04,24.32,32.9
1362500,GAAFRA,2009-01-01,1028.11,24.32,32.9
1362500,GAAFRA,2009-02-01,960.47,24.32,32.9
1362500,GAAFRA,2009-03-01,798.05,24.32,32.9
1362500,GAAFRA,2009-04-01,776.18,24.32,32.9
1362500,GAAFRA,2009-05-01,805.98,24.32,32.9
1362500,GAAFRA,2009-06-01,1078.25,24.32,32.9
1362500,GAAFRA,2009-07-01,2162.25,24.32,32.9
1362500,GAAFRA,2009-08-01,2564.71,24.32,32.9
1362500,GAAFRA,2009-09-01,2220.79,24.32,32.9
1362500,GAAFRA,2009-10-01,1805.11,24.32,32.9
1362500,GAAFRA,2009-11-01,1644.92,24.32,32.9
1362500,GAAFRA,2009-12-01,1283.31,24.32,32.9
1362500,GAAFRA,2010-01-01,1032.85,24.32,32.9
1362500,GAAFRA,2010-02-01,903.69,24.32,32.9
1362500,GAAFRA,2010-03-01,776.36,24.32,32.9
1362500,GAAFRA,2010-04-01,867.3,24.32,32.9
1362500,GAAFRA,2010-05-01,821.21,24.32,32.9
1362500,GAAFRA,2010-06-01,1236.41,24.32,32.9
1362500,GAAFRA,2010-07-01,2156.35,24.32,32.9
1362500,GAAFRA,2010-08-01,2706.94,24.32,32.9
1362500,GAAFRA,2010-09-01,2471.1,24.32,32.9
1362500,GAAFRA,2010-10-01,1830.13,24.32,32.9
1362500,GAAFRA,2010-11-01,1452.54,24.32,32.9
1362500,GAAFRA,2010-12-01,1191.73,24.32,32.9
1362500,GAAFRA,2011-01-01,1118.41,24.32,32.9
1362500,GAAFRA,2011-02-01,928.62,24.32,32.9
1362500,GAAFRA,2011-03-01,839.13,24.32,32.9
1362500,GAAFRA,2011-04-01,735.04,24.32,32.9
1362500,GAAFRA,2011-05-01,797.65,24.32,32.9
1362500,GAAFRA,2011-06-01,998.93,24.32,32.9
1362500,GAAFRA,2011-07-01,2126.93,24.32,32.9
1362500,GAAFRA,2011-08-01,2715.46,24.32,32.9
1362500,GAAFRA,2011-09-01,2710.52,24.32,32.9
1362500,GAAFRA,2011-10-01,1421.01,24.32,32.9
1362500,GAAFRA,2011-11-01,1696.01,24.32,32.9
1362500,GAAFRA,2011-12-01,1175.72,24.32,32.9
1362500,GAAFRA,2012-01-01,1144.5,24.32,32.9
1362500,GAAFRA,2012-02-01,843.36,24.32,32.9
1362500,GAAFRA,2012-03-01,827.12,24.32,32.9
1362500,GAAFRA,2012-04-01,673.89,24.32,32.9
1362500,GAAFRA,2012-05-01,749.13,24.32,32.9
1362500,GAAFRA,2012-06-01,1363.81,24.32,32.9
1362500,GAAFRA,2012-07-01,1941.11,24.32,32.9
1362500,GAAFRA,2012-08-01,2673.96,24.32,32.9
1362500,GAAFRA,2012-09-01,2670.62,24.32,32.9
1362500,GAAFRA,2012-10-01,1912.72,24.32,32.9
1362500,GAAFRA,2012-11-01,1462.93,24.32,32.9
1362500,GAAFRA,2012-12-01,1217.24,24.32,32.9
1362500,GAAFRA,2013-01-01,1246.76,24.32,32.9
1362500,GAAFRA,2013-02-01,910.77,24.32,32.9
1362500,GAAFRA,2013-03-01,796.9,24.32,32.9
1362500,GAAFRA,2013-04-01,793.52,24.32,32.9
1362500,GAAFRA,2013-05-01,853.64,24.32,32.9
1362500,GAAFRA,2013-06-01,1288.13,24.32,32.9
1362500,GAAFRA,2013-07-01,2060.88,24.32,32.9
1362500,GAAFRA,2013-08-01,2375.21,24.32,32.9
1362500,GAAFRA,2013-09-01,2808.08,24.32,32.9
1362500,GAAFRA,2013-10-01,1662.16,24.32,32.9
1362500,GAAFRA,2013-11-01,1472.65,24.32,32.9
1362500,GAAFRA,2013-12-01,1105.43,24.32,32.9
1362500,GAAFRA,2014-01-01,1034.78,24.32,32.9
1362500,GAAFRA,2014-02-01,934.03,24.32,32.9
1362500,GAAFRA,2014-03-01,800.14,24.32,32.9
1362500,GAAFRA,2014-04-01,752.65,24.32,32.9
1362500,GAAFRA,2014-05-01,880.79,24.32,32.9
1362500,GAAFRA,2014-06-01,1212.58,24.32,32.9
1362500,GAAFRA,2014-07-01,1912.12,24.32,32.9
1362500,GAAFRA,2014-08-01,2800.83,24.32,32.9
1362500,GAAFRA,2014-09-01,2705.33,24.32,32.9
1362500,GAAFRA,2014-10-01,1641.44,24.32,32.9
1362500,GAAFRA,2014-11-01,1498.5,24.32,32.9
1362500,GAAFRA,2014-12-01,1235.76,24.32,32.9
1362500,GAAFRA,2015-01-01,1009.89,24.32,32.9
1362500,GAAFRA,2015-02-01,1004.83,24.32,32.9
1362500,GAAFRA,2015-03-01,766.58,24.32,32.9
1362500,GAAFRA,2015-04-01,731.44,24.32,32.9
1362500,GAAFRA,2015-05-01,765.15,24.32,32.9
1362500,GAAFRA,2015-06-01,1165.29,24.32,32.9
1362500,GAAFRA,2015-07-01,1769.61,24.32,32.9
1362500,GAAFRA,2015-08-01,2288.35,24.32,32.9
1362500,GAAFRA,2015-09-01,2770.4,24.32,32.9
1362500,GAAFRA,2015-10-01,1687.74,24.32,32.9
1362500,GAAFRA,2015-11-01,1309.65,24.32,32.9
1362500,GAAFRA,2015-12-01,963.34,24.32,32.9
1362500,GAAFRA,2016-01-01,976.33,24.32,32.9
1362500,GAAFRA,2016-02-01,805.02,24.32,32.9
1362500,GAAFRA,2016-03-01,873.07,24.32,32.9
1362500,GAAFRA,2016-04-01,778.44,24.32,32.9
1362500,GAAFRA,2016-05-01,729.21,24.32,32.9
1362500,GAAFRA,2016-06-01,1366.13,24.32,32.9
1362500,GAAFRA,2016-07-01,2080.76,24.32,32.9
1362500,GAAFRA,2016-08-01,2505.47,24.32,32.9
1362500,GAAFRA,2016-09-01,1955.08,24.32,32.9
1362500,GAAFRA,2016-10-01,2130.63,24.32,32.9
1362500,GAAFRA,2016-11-01,1257.5,24.32,32.9
1362500,GAAFRA,2016-12-01,1005.17,24.32,32.9
1362500,GAAFRA,2017-01-01,1107.05,24.32,32.9
1362500,GAAFRA,2017-02-01,1070.19,24.32,32.9
1362500,GAAFRA,2017-03-01,852.5,24.32,32.9
1362500,GAAFRA,2017-04-01,748.65,24.32,32.9
1362500,GAAFRA,2017-05-01,804.02,24.32,32.9
1362500,GAAFRA,2017-06-01,1229.85,24.32,32.9
1362500,GAAFRA,2017-07-01,2035.25,24.32,32.9
1362500,GAAFRA,2017-08-01,2615.89,24.32,32.9
1362500,GAAFRA,2017-09-01,2450.68,24.32,32.9
1362500,GAAFRA,2017-10-01,1781.87,24.32,32.9
1362500,GAAFRA,2017-11-01,1322.22,24.32,32.9
1362500,GAAFRA,2017-12-01,1125.4,24.32,32.9
1362500,GAAFRA,2018-01-01,879.9,24.32,32.9
1362500,GAAFRA,2018-02-01,883.52,24.32,32.9
1362500,GAAFRA,2018-03-01,702.94,24.32,32.9
1362500,GAAFRA,2018-04-01,649.52,24.32,32.9
1362500,GAAFRA,2018-05-01,774.29,24.32,32.9
1362500,GAAFRA,2018-06-01,1272.47,24.32,32.9
1362500,GAAFRA,2018-07-01,2048.46,24.32,32.9
1362500,GAAFRA,2018-08-01,2224.69,24.32,32.9
1362500,GAAFRA,2018-09-01,2225.78,24.32,32.9
1362500,GAAFRA,2018-10-01,1915.1,24.32,32.9
1362500,GAAFRA,2018-11-01,1289.41,24.32,32.9
1362500,GAAFRA,2018-12-01,1124.39,24.32,32.9
1362500,GAAFRA,2019-01-01,1056.69,24.32,32.9
1362500,GAAFRA,2019-02-01,817.03,24.32,32.9
1362500,GAAFRA,2019-03-01,765.51,24.32,32.9
1362500,GAAFRA,2019-04-01,632.89,24.32,32.9
1362500,GAAFRA,2019-05-01,722.59,24.32,32.9
1362500,GAAFRA,2019-06-01,1167.8,24.32,32.9
1362500,GAAFRA,2019-07-01,1655.93,24.32,32.9
1362500,GAAFRA,2019-08-01,2619.55,24.32,32.9
1362500,GAAFRA,2019-09-01,2400.08,24.32,32.9
1362500,GAAFRA,2019-10-01,1849.55,24.32,32.9
1362500,GAAFRA,2019-11-01,1416.64,24.32,32.9
1362500,GAAFRA,2019-12-01,1262.94,24.32,32.9
